arch_id,learnability,simplicity,occam_score,california_housing-fit_delay,california_housing-test_delay,california_housing-test_loss,cifar10-fit_delay,cifar10-test_delay,cifar10-test_loss,mnist-fit_delay,mnist-test_delay,mnist-test_loss
0,-0.1074262669833045,-0.38004718679850347,-0.18921254292786419,17.70866632461548,0.031046628952026367,1.009002923965454,152.20594334602356,0.17994046211242676,0.07424677908420563,106.6684021949768,0.08277082443237305,0.01652815006673336
1,0.9459602661534389,-1.2556873723573303,0.28546597460020806,28.771920919418335,0.06347942352294922,0.3363177478313446,170.91743350028992,0.2283613681793213,0.07903976738452911,123.08878493309021,0.11194944381713867,0.02121761627495289
2,-1.7264267058546512,-1.6990925276985505,-1.718226452407821,5.233675241470337,0.0737295150756836,nan,459.1359269618988,0.6992428302764893,0.08577755838632584,40.03390431404114,0.22744035720825195,nan
